title,link
Con người bị biến dạng trong tranh của AI,https://znews.vn/con-nguoi-bi-bien-dang-trong-tranh-cua-ai-post1491619.html
"Giám đốc sáng tạo 26 tuổi đứng sau MV của Chi Pu, Phương Mỹ Chi",https://lifestyle.znews.vn/giam-doc-sang-tao-26-tuoi-dung-sau-mv-cua-chi-pu-son-tung-mtp-phuong-my-chi-post1488659.html
Donald Trump và Elon Musk nói về chuyện gì trong suốt 2 giờ?,https://znews.vn/donald-trump-va-elon-musk-noi-gi-voi-nhau-suot-2-gio-tren-x-post1491665.html
ĐH Luật Hà Nội nói gì về việc ông Vương Tấn Việt chưa có bằng cấp 3?,https://lifestyle.znews.vn/dh-luat-ha-noi-noi-gi-ve-viec-ong-vuong-tan-viet-chua-co-bang-cap-3-post1491664.html
Thùy Tiên phản hồi tin đồn sắp cưới Quang Linh Vlogs,https://znews.vn/thuy-tien-phan-hoi-tin-don-sap-cuoi-quang-linh-vlogs-post1491672.html
Đặng Văn Lâm có thể xuống đá hạng Nhất,https://znews.vn/dang-van-lam-co-the-xuong-da-hang-nhat-post1468369.html
Công an yêu cầu người liên quan đường dây tiền ảo nghìn tỷ ra đầu thú,https://lifestyle.znews.vn/cong-an-yeu-cau-nguoi-lien-quan-duong-day-tien-ao-nghin-ty-ra-dau-thu-post1490267.html
Chồng Hằng Du Mục được tại ngoại,https://lifestyle.znews.vn/chong-hang-du-muc-duoc-tai-ngoai-post1491633.html
Quà tặng thiệp sách nói,https://znews.vn/qua-tang-thiep-sach-noi-post1490794.html
Độc giả Việt chịu chi sưu tầm truyện tranh,https://znews.vn/doc-gia-viet-chiu-chi-suu-tam-truyen-tranh-post1490388.html
Tiền kiếp dậy sóng,https://znews.vn/nghe-sach-muon-kiep-nhan-sinh-cua-nguyen-phong-post1490878.html
Năm tiểu thuyết giới lãnh đạo kinh doanh cần đọc ngay,https://znews.vn/nam-tieu-thuyet-gioi-lanh-dao-kinh-doanh-can-doc-ngay-post1490480.html
Có gì đặc biệt trong ngôi nhà của hơn 30 nghệ sĩ?,https://znews.vn/bi-mat-ve-nhung-ngoi-nha-cua-nguoi-nghe-si-post1490850.html
,https://znews.vn/tac-pham-doat-giai-thuong-sach-quoc-gia-2023-duoc-phat-hanh-tieng-anh-post1490547.html
,https://znews.vn/chuyen-ke-tu-bien-gioi-phia-bac-khong-su-hy-sinh-nao-bi-quen-lang-post1490515.html
,https://znews.vn/steve-jobs-so-sanh-may-tinh-bang-voi-cai-gi-post1490971.html
,https://znews.vn/sach-cua-ts-dang-hoang-giang-tai-ban-o-3-don-vi-khac-nhau-post1490914.html
,https://znews.vn/sach-cua-nguyen-huy-thiep-vao-bo-viet-nam-danh-tac-post1490557.html
Nơi check-in 'cạnh tranh' Chùa Cầu ở Hội An,https://lifestyle.znews.vn/noi-check-in-canh-tranh-chua-cau-o-hoi-an-post1491327.html
8 câu nên nói với trẻ mỗi ngày,https://lifestyle.znews.vn/8-cau-nen-noi-voi-tre-moi-ngay-post1491523.html
Mốt xuyên thấu chưa hạ nhiệt,https://lifestyle.znews.vn/mot-xuyen-thau-chua-ha-nhiet-post1491648.html
Đường nối cao tốc TP.HCM - Trung Lương vẫn dang dở sau 9 năm khởi công,https://znews.vn/duong-noi-cao-toc-tphcm-trung-luong-van-dang-do-sau-9-nam-khoi-cong-post1491488.html
Lửa âm ỉ cháy giữa Hà Nội,https://lifestyle.znews.vn/lua-am-i-chay-giua-ha-noi-post1491520.html
"Sau 22 năm trốn truy nã, bị bắt trong lúc đi câu cá giải trí",https://lifestyle.znews.vn/sau-22-nam-tron-truy-na-bi-bat-trong-luc-di-cau-ca-giai-tri-post1488725.html
Vẻ đẹp của kình ngư giành 6 huy chương Olympic 2024,https://znews.vn/ve-dep-cua-kinh-ngu-gianh-6-huy-chuong-olympic-2024-post1491657.html
Bà Nguyễn Thanh Hải thôi làm Trưởng đoàn ĐBQH tỉnh Thái Nguyên,https://znews.vn/ba-nguyen-thanh-hai-thoi-lam-truong-doan-dbqh-tinh-thai-nguyen-post1491599.html
Con gái Choi Jin Sil gây chú ý,https://znews.vn/con-gai-choi-jin-sil-gay-chu-y-post1491675.html
Elon Musk lắp bắp khi phỏng vấn ông Trump,https://znews.vn/cuoc-phong-van-cua-elon-musk-va-donald-trump-gap-su-co-post1491627.html
Ông Vương Tấn Việt không có tên trong danh sách cấp bằng bổ túc,https://lifestyle.znews.vn/ong-vuong-tan-viet-khong-co-ten-trong-danh-sach-cap-bang-bo-tuc-post1491641.html
Honda sản xuất xe máy điện cho 'đối thủ' Yamaha,https://lifestyle.znews.vn/honda-san-xuat-xe-may-dien-cho-doi-thu-yamaha-post1491651.html
Một sai lầm khi dùng Paracetamol khiến cô gái nhập viện,https://lifestyle.znews.vn/mot-sai-lam-khi-dung-paracetamol-khien-co-gai-nhap-vien-post1491658.html
Man City vẫn là quyền lực tuyệt đối,https://znews.vn/man-city-van-la-quyen-luc-tuyet-doi-post1491649.html
Thất bại của ông hoàng phim kinh dị,https://znews.vn/that-bai-cua-ong-hoang-phim-kinh-di-post1491546.html
Nhà vô địch Olympic sợ hãi vì fan Trung Quốc quá cuồng nhiệt,https://lifestyle.znews.vn/nha-vo-dich-olympic-so-hai-vi-fan-trung-quoc-qua-cuong-nhiet-post1491686.html
Thoát 'chặt chém' khi du lịch dịp 2/9,https://lifestyle.znews.vn/thoat-chat-chem-khi-du-lich-dip-29-post1490704.html
"Người giúp việc ngụy trang, trộm 3 bịch tiền, vàng của gia chủ",https://lifestyle.znews.vn/nguoi-giup-viec-nguy-trang-trom-3-bich-tien-vang-cua-gia-chu-post1488699.html
"32 nhà máy điện gió, điện mặt trời bị CQĐT yêu cầu cung cấp hồ sơ",https://lifestyle.znews.vn/32-nha-may-dien-gio-dien-mat-troi-bi-cqdt-yeu-cau-cung-cap-ho-so-post1488714.html
Lai Châu chặn gần 2 tấn chân gà bốc mùi sắp tuồn vào quán ăn,https://znews.vn/lai-chau-chan-gan-2-tan-chan-ga-boc-mui-sap-tuon-vao-quan-an-post1491668.html
Lisa khẳng định BlackPink không tan rã,https://znews.vn/lisa-khang-dinh-blackpink-khong-tan-ra-post1491663.html
Mỹ dự chi gần 7 tỷ USD cho Olympic 2028,https://znews.vn/my-du-chi-gan-7-ty-usd-cho-olympic-2028-post1491666.html
Màn 'sấy tóc' của HLV Kompany hút hàng triệu lượt xem,https://znews.vn/man-say-toc-cua-hlv-kompany-hut-hang-trieu-luot-xem-post1491625.html
Bộ đôi MU lọt vào đề cử Cầu thủ trẻ hay nhất năm,https://znews.vn/bo-doi-mu-lot-vao-de-cu-cau-thu-tre-hay-nhat-nam-post1491669.html
Anh Đức hoãn lễ cưới đến tháng 9,https://znews.vn/anh-duc-hoan-le-cuoi-den-thang-9-post1491629.html
Công chúa Thái Lan thăm Việt Nam,https://znews.vn/cong-chua-thai-lan-tham-viet-nam-post1491637.html
Chồng Hằng Du Mục được tại ngoại,https://lifestyle.znews.vn/chong-hang-du-muc-duoc-tai-ngoai-post1491633.html
Người phụ nữ quyền lực bậc nhất nước Mỹ,https://znews.vn/nguoi-phu-nu-quyen-luc-bac-nhat-nuoc-my-post1491465.html
"Giám đốc sáng tạo 26 tuổi đứng sau MV của Chi Pu, Phương Mỹ Chi",https://lifestyle.znews.vn/giam-doc-sang-tao-26-tuoi-dung-sau-mv-cua-chi-pu-son-tung-mtp-phuong-my-chi-post1488659.html
"Sẽ diễu binh, diễu hành kỷ niệm 50 năm giải phóng miền Nam",https://znews.vn/se-dieu-binh-dieu-hanh-ky-niem-50-nam-giai-phong-mien-nam-post1491605.html
Con người bị biến dạng trong tranh của AI,https://znews.vn/con-nguoi-bi-bien-dang-trong-tranh-cua-ai-post1491619.html
,https://znews.vn/con-cung-duoi-suc-chuoi-me-va-be-nao-dang-but-toc-post1491518.html
,https://znews.vn/elon-musk-va-donald-trump-da-lam-hoa-post1491545.html
,https://lifestyle.znews.vn/den-tphcm-kham-benh-tu-3h-sang-post1491472.html
,https://lifestyle.znews.vn/voi-huy-lich-trinh-sau-vu-ta-xua-sat-lo-post1491530.html
,https://lifestyle.znews.vn/bao-han-diem-danh-4-quan-pho-ngon-o-ha-noi-post1491485.html
Hana Giang Anh: 'Tôi nuôi dạy con theo kiểu hoang dã',https://lifestyle.znews.vn/hana-giang-anh-moi-quan-he-giua-toi-va-con-nhu-phim-sex-education-post1489287.html
CEO Bệnh viện FV: 'Chúng tôi sẽ đưa y học Singapore đến Việt Nam',https://znews.vn/ceo-benh-vien-fv-chung-toi-se-dua-y-hoc-singapore-den-viet-nam-post1488165.html
Khánh Vy ‘chọn’ hình ảnh nào cho bản thân?,https://lifestyle.znews.vn/khanh-vy-chon-hinh-anh-nao-cho-ban-than-post1488464.html
"Lương 20 triệu, có nên ra đảo làm việc từ xa?",https://znews.vn/luong-20-trieu-co-nen-ra-dao-lam-viec-tu-xa-post1487264.html
Nhiều ý kiến phản biện bảng giá đất điều chỉnh của TP.HCM,https://znews.vn/nhieu-y-kien-phan-bien-bang-gia-dat-dieu-chinh-cua-tphcm-post1491524.html
Giả chữ ký 'tươi' của tỷ phú Trần Đình Long để lừa đảo,https://znews.vn/gia-chu-ky-tuoi-cua-ty-phu-tran-dinh-long-de-lua-dao-post1491609.html
Cổ phiếu DIG bị bán tháo sau tin buồn về Chủ tịch,https://znews.vn/co-phieu-dig-bi-ban-thao-sau-tin-buon-ve-chu-tich-post1491500.html
Samsung Việt Nam muốn tăng dùng điện tái tạo với giá hợp lý,https://znews.vn/samsung-viet-nam-muon-tang-dung-dien-tai-tao-voi-gia-hop-ly-post1491607.html
"Sabeco, Vinamilk đem về hàng trăm tỷ đồng cho SCIC",https://znews.vn/sabeco-vinamilk-dem-ve-hang-tram-ty-dong-cho-scic-post1491527.html
Công ty vốn 776 tỷ đồng vừa tách khỏi EVN có tân Chủ tịch,https://znews.vn/cong-ty-von-776-ty-dong-vua-tach-khoi-evn-co-tan-chu-tich-post1491506.html
Đồng hồ lặn gần 8.000 USD gây tranh cãi,https://lifestyle.znews.vn/dong-ho-lan-gan-8000-usd-gay-tranh-cai-post1491351.html
3 tấm selfie ấn tượng nhất Olympic,https://lifestyle.znews.vn/3-tam-selfie-an-tuong-nhat-olympic-post1491494.html
Trào lưu ăn cá mòi để đẹp da,https://lifestyle.znews.vn/trao-luu-an-ca-moi-de-dep-da-post1491480.html
HLV người Nga của tuyển Olympic Trung Quốc 'như tiên tộc',https://lifestyle.znews.vn/hlv-nguoi-nga-cua-tuyen-olympic-trung-quoc-nhu-tien-toc-post1491466.html
Lễ bế mạc Olympic bị chỉ trích,https://lifestyle.znews.vn/le-be-mac-olympic-bi-chi-trich-post1491443.html
Ngành IT bị người trẻ Mỹ 'thất sủng',https://lifestyle.znews.vn/nganh-it-bi-nguoi-tre-my-that-sung-post1490841.html
'Hot girl trứng rán' bất ngờ nhuộm da nâu,https://lifestyle.znews.vn/newsfeed-rate-hot-girl-trung-ran-bat-ngo-nhuom-da-nau-post1491374.html
Quạt không cánh và 4 đồ gia dụng độc lạ,https://lifestyle.znews.vn/quat-khong-canh-va-4-do-gia-dung-doc-la-post1490688.html
Ví 500.000 USD Bitcoin giúp đánh sập đường dây mại dâm,https://znews.vn/vi-tien-chua-500000-usd-bitcoin-danh-sap-duong-day-mai-dam-post1491531.html
Elon Musk dần thua trước Mark Zuckerberg,https://znews.vn/elon-musk-dan-thua-truoc-mark-zuckerberg-post1491468.html
Ông Trump làm sập X ngay khi trở lại,https://znews.vn/elon-musk-va-donald-trump-da-lam-hoa-post1491545.html
,https://znews.vn/tin-mung-cho-nguoi-dung-apple-intelligence-post1491614.html
Hai biện pháp cấp bách đẩy lùi dịch sởi ở TP.HCM,https://lifestyle.znews.vn/hai-bien-phap-cap-bach-day-lui-dich-soi-o-tphcm-post1491689.html
Viêm xoang cấp có nguy hiểm không?,https://lifestyle.znews.vn/viem-xoang-cap-co-nguy-hiem-khong-post1491437.html
"Nhiều ca bệnh sốt xuất huyết nặng, biến chứng nguy hiểm trên cả nước",https://lifestyle.znews.vn/nhieu-ca-benh-sot-xuat-huyet-nang-bien-chung-nguy-hiem-tren-ca-nuoc-post1491436.html
,https://lifestyle.znews.vn/nguoi-lon-co-can-tiem-nhac-vaccine-soi-post1490017.html
Olympic mùa hè có thể biến mất vào năm 2050,https://lifestyle.znews.vn/olympic-mua-he-co-the-bien-mat-vao-nam-2050-post1491510.html
Chàng trai bị lừa phẫu thuật nâng ngực ở Trung Quốc,https://lifestyle.znews.vn/chang-trai-bi-lua-phau-thuat-nang-nguc-o-trung-quoc-post1491682.html
"Trà cỏ xạ hương giúp giảm ho, ngừa mụn",https://lifestyle.znews.vn/tra-co-xa-huong-giup-giam-ho-ngua-mun-post1491511.html
,https://lifestyle.znews.vn/tranh-cai-vu-vdv-my-phai-tra-lai-huy-chuong-olympic-2024-post1491640.html
Báo Anh vinh danh 2 bãi biển ở Đà Nẵng lọt top đẹp nhất thế giới,https://lifestyle.znews.vn/bao-anh-vinh-danh-2-bai-bien-o-da-nang-lot-top-dep-nhat-the-gioi-post1491684.html
Bảng màu mê hoặc của Sa Pa ngày thu,https://lifestyle.znews.vn/bang-mau-me-hoac-cua-sa-pa-ngay-thu-post1491320.html
Dùng thức ăn thừa nấu tiệc buffet cho 200 người ở Hong Kong,https://lifestyle.znews.vn/dung-thuc-an-thua-nau-tiec-buffet-cho-200-nguoi-o-hong-kong-post1491521.html
,https://lifestyle.znews.vn/voi-huy-lich-trinh-sau-vu-ta-xua-sat-lo-post1491530.html
Cái kết của anh trai bị công kích nhiều nhất,https://znews.vn/cai-ket-cua-anh-trai-bi-cong-kich-nhieu-nhat-post1491534.html
Khủng hoảng của Katy Perry,https://znews.vn/khung-hoang-cua-katy-perry-post1491470.html
Rap Việt trở lại vào tháng 9,https://znews.vn/rap-viet-tro-lai-vao-thang-9-post1491611.html
,https://znews.vn/anh-tu-xin-loi-post1491617.html
Siêu máy tính dự đoán MU không vào nổi top 4 mùa tới,https://znews.vn/sieu-may-tinh-du-doan-mu-khong-vao-noi-top-4-mua-toi-post1470761.html
Pique và Ramos kiếm bộn tiền nhờ kinh doanh,https://znews.vn/pique-va-ramos-kiem-bon-tien-nho-kinh-doanh-post1491628.html
Án phạt nặng chờ đón Man City,https://znews.vn/an-phat-nang-cho-don-man-city-post1491631.html
,https://znews.vn/barca-gap-khung-hoang-luc-luong-post1491626.html
"Tổng Bí thư, Chủ tịch nước Tô Lâm tiếp Đại sứ các nước trình Quốc thư",https://znews.vn/tong-bi-thu-chu-tich-nuoc-to-lam-tiep-dai-su-cac-nuoc-trinh-quoc-thu-post1491419.html
Cháy khu nhà có nhiều người nước ngoài thuê ở Thảo Điền,https://znews.vn/chay-khu-nha-co-nhieu-nguoi-nuoc-ngoai-thue-o-thao-dien-post1491595.html
Phó chủ tịch UBND TP.HCM nhận thêm nhiệm vụ,https://znews.vn/pho-chu-tich-ubnd-tphcm-nhan-them-nhiem-vu-post1491596.html
,https://znews.vn/them-quy-dinh-nghiem-cam-mua-ban-bao-thai-post1491597.html
Nguyên giám đốc phòng giao dịch Ngân hàng Vietbank hầu tòa,https://lifestyle.znews.vn/nguyen-giam-doc-phong-giao-dich-ngan-hang-vietbank-hau-toa-post1488722.html
"'Nữ quái' nuốt ma túy, công an đưa đến bệnh viện để lấy ra ngoài",https://lifestyle.znews.vn/nu-quai-nuot-ma-tuy-cong-an-dua-den-benh-vien-de-lay-ra-ngoai-post1488698.html
Thẩm phán TAND huyện ở Cà Mau bị bắt vì nhận hối lộ,https://lifestyle.znews.vn/tham-phan-tand-huyen-o-ca-mau-bi-bat-vi-nhan-hoi-lo-post1488716.html
,https://lifestyle.znews.vn/khoi-to-vu-tai-nan-khi-no-min-thi-cong-du-an-thuy-dien-nam-cau-post1490271.html
Khảo sát địa điểm tổ chức festival sách 2024 tại TP Biên Hòa,https://znews.vn/khao-sat-dia-diem-to-chuc-festival-sach-2024-tai-tp-bien-hoa-post1491237.html
"Chiêm nghiệm 'Hiếu - Thở cho ba, mỉm cười cho má'",https://znews.vn/chiem-nghiem-hieu-tho-cho-ba-mim-cuoi-cho-ma-post1490741.html
Thế lực đứng đầu giới bán sách Mỹ trước thời Amazon,https://znews.vn/the-luc-dung-dau-gioi-ban-sach-my-truoc-thoi-amazon-post1491287.html
,https://znews.vn/suc-hut-tu-nhung-cau-chuyen-tranh-hoa-post1491120.html
Tinh thần triệu phú,https://znews.vn/tinh-than-trieu-phu-post1490819.html
Làm thế nào để có trí thông minh cảm xúc?,https://znews.vn/lam-the-nao-de-co-tri-thong-minh-cam-xuc-post1491263.html
"Triết lý hiểu đối thủ, hiểu bản thân của Lý Tiểu Long",https://znews.vn/triet-ly-hieu-doi-thu-hieu-ban-than-cua-ly-tieu-long-post1491460.html
,https://znews.vn/phuc-vu-khach-hang-bang-su-tan-tam-post1491105.html
Nam sinh Bách khoa giành huy chương Tin học văn phòng thế giới,https://lifestyle.znews.vn/nam-sinh-bach-khoa-gianh-huy-chuong-tin-hoc-van-phong-the-gioi-post1491513.html
"Ngày đầu lọc ảo xét tuyển đại học, dự báo điểm chuẩn nhiều ngành tăng",https://lifestyle.znews.vn/ngay-dau-loc-ao-xet-tuyen-dai-hoc-du-bao-diem-chuan-nhieu-nganh-tang-post1491650.html
"Đường đi học gặp voi, sư tử của những đứa trẻ châu Phi",https://lifestyle.znews.vn/video-duong-di-hoc-gap-voi-su-tu-cua-nhung-dua-tre-chau-phi-post1491508.html
,https://lifestyle.znews.vn/truong-nhap-sai-hoc-phi-nhieu-sinh-vien-chua-duoc-nhan-bang-post1491536.html
Omoda C5 và Lynk & Co 06 - màn đối đầu thú vị của 'đồng hương',https://lifestyle.znews.vn/omoda-c5-va-lynk-co-06-man-doi-dau-thu-vi-cua-dong-huong-post1490723.html
"Đại lý nhận cọc Subaru Crosstrek, dự kiến về Việt Nam cuối năm",https://lifestyle.znews.vn/dai-ly-nhan-coc-subaru-crosstrek-du-kien-ve-viet-nam-cuoi-nam-post1491323.html
Mercedes-Maybach SL-Class lộ thiết kế chính thức trước ngày ra mắt,https://lifestyle.znews.vn/mercedes-maybach-sl-class-lo-thiet-ke-chinh-thuc-truoc-ngay-ra-mat-post1491328.html
,https://lifestyle.znews.vn/tesla-model-y-mat-ngoi-vuong-doanh-so-o-chau-au-post1491498.html
Những cuốn sách tâm đắc của 'người kể chuyện tình' Dương Thụy,https://znews.vn/nhung-cuon-sach-tam-dac-cua-nguoi-ke-chuyen-tinh-duong-thuy-post1491095.html
Tiết lộ người con riêng giấu kín của tác giả 'Trăm năm cô đơn',https://znews.vn/tiet-lo-nguoi-con-rieng-giau-kin-cua-tac-gia-tram-nam-co-don-post1490739.html
'Cái ác vỗ vai cái thiện / Cả hai cùng cười đi về tương lai...',https://znews.vn/cai-ac-vo-vai-cai-thien-ca-hai-cung-cuoi-di-ve-tuong-lai-post1489334.html
,https://znews.vn/net-dep-nghe-truyen-thong-viet-post1489745.html
Thực tại 'mạnh ai nấy sống' của kỷ nguyên cô đơn,https://znews.vn/thuc-tai-manh-ai-nay-song-cua-ky-nguyen-co-don-post1490740.html
Khát vọng sống của cô gái nhỏ trong ‘Sóng ngầm’,https://znews.vn/khat-vong-song-cua-co-gai-nho-trong-song-ngam-post1490296.html
Câu chuyện về tình mẫu tử độc hại của nghệ sĩ Jennette McCurdy,https://znews.vn/cau-chuyen-ve-tinh-mau-tu-doc-hai-cua-nghe-si-jennette-mccurdy-post1490771.html
,https://znews.vn/kinh-nghiem-xuong-mau-cho-cac-nha-ban-hang-truc-tuyen-post1486099.html
Trở thành bookstagrammer từ tuổi thơ say mê truyện tranh,https://znews.vn/tro-thanh-bookstagrammer-tu-tuoi-tho-say-me-truyen-tranh-post1489797.html
Thiên Minh: Sách thiền giúp tôi 'hòa giải' với tổn thương quá khứ,https://znews.vn/thien-minh-sach-thien-giup-toi-hoa-giai-voi-ton-thuong-qua-khu-post1491121.html
TS Nguyễn Mạnh Hùng: 2 lần làm cháy nhà và đam mê sưu tầm sách cổ,https://znews.vn/ts-nguyen-manh-hung-2-lan-lam-chay-nha-va-dam-me-suu-tam-sach-co-post1489332.html
,https://znews.vn/khoi-goi-hung-thu-doc-sach-truyen-post1489333.html
Người tiêu dùng liên tục trúng xe BMW X3 M Sport từ Tiger Beer,https://znews.vn/nguoi-tieu-dung-lien-tuc-trung-xe-bmw-x3-m-sport-tu-tiger-beer-post1491532.html
NCB được HR Asia Awards trao giải 'Nơi làm việc tốt nhất châu Á' lần 2,https://znews.vn/ncb-duoc-hr-asia-awards-trao-giai-noi-lam-viec-tot-nhat-chau-a-lan-2-post1490989.html
Giải pháp bứt tốc cho doanh nghiệp giai đoạn nửa cuối năm,https://znews.vn/giai-phap-but-toc-cho-doanh-nghiep-giai-doan-nua-cuoi-nam-post1490446.html
,https://znews.vn/luu-y-khi-bo-sung-khoang-va-vitamin-de-lam-dep-post1490159.html
